Country,Value
#000000,33707371
#FFFFFF,32251013
#FF4500,14411389
#2450A4,9989854
#FFD635,8519392
#BE0039,5911641
#51E9F4,5700301
#811E9F,5245484
#FFA800,5059970
#FF99AA,4917801
#3690EA,4058046
#00A368,3892844
#898D90,3459390
#7EED56,3417232
#D4D7D9,3324082
#9C6926,2473639
#FFB470,2104848
#FF3881,1458772
#B44AC0,1287672
#6D482F,1261416
#00CC78,1200067
#493AC1,1139350
#FFF8B8,954606
#515252,868769
#6D001A,621194
#DE107F,589211
#00756F,572572
#6A5CFF,499233
#94B3FF,454142
#009EAA,436068
#E4ABFF,350873
#00CCC0,214862
